officeCler,officeCler,officeCler,45
officeCler,officeCler,manConst,49
officeCler,officeCler,profMan,95
officeCler,officeCler,retail,130
officeCler,officeCler,oNE,327
officeCler,manConst,officeCler,49
officeCler,manConst,manConst,79
officeCler,manConst,profMan,94
officeCler,manConst,retail,156
officeCler,manConst,oNE,316
officeCler,profMan,officeCler,95
officeCler,profMan,manConst,94
officeCler,profMan,profMan,128
officeCler,profMan,retail,212
officeCler,profMan,oNE,524
officeCler,retail,officeCler,130
officeCler,retail,manConst,156
officeCler,retail,profMan,212
officeCler,retail,retail,237
officeCler,retail,oNE,706
officeCler,oNE,officeCler,327
officeCler,oNE,manConst,316
officeCler,oNE,profMan,524
officeCler,oNE,retail,706
officeCler,oNE,oNE,767
manConst,officeCler,officeCler,49
manConst,officeCler,manConst,79
manConst,officeCler,profMan,94
manConst,officeCler,retail,156
manConst,officeCler,oNE,316
manConst,manConst,officeCler,79
manConst,manConst,manConst,44
manConst,manConst,profMan,52
manConst,manConst,retail,103
manConst,manConst,oNE,213
manConst,profMan,officeCler,94
manConst,profMan,manConst,52
manConst,profMan,profMan,76
manConst,profMan,retail,144
manConst,profMan,oNE,369
manConst,retail,officeCler,156
manConst,retail,manConst,103
manConst,retail,profMan,144
manConst,retail,retail,190
manConst,retail,oNE,619
manConst,oNE,officeCler,316
manConst,oNE,manConst,213
manConst,oNE,profMan,369
manConst,oNE,retail,619
manConst,oNE,oNE,580
profMan,officeCler,officeCler,95
profMan,officeCler,manConst,94
profMan,officeCler,profMan,128
profMan,officeCler,retail,212
profMan,officeCler,oNE,524
profMan,manConst,officeCler,94
profMan,manConst,manConst,52
profMan,manConst,profMan,76
profMan,manConst,retail,144
profMan,manConst,oNE,369
profMan,profMan,officeCler,128
profMan,profMan,manConst,76
profMan,profMan,profMan,228
profMan,profMan,retail,370
profMan,profMan,oNE,1041
profMan,retail,officeCler,212
profMan,retail,manConst,144
profMan,retail,profMan,370
profMan,retail,retail,336
profMan,retail,oNE,1035
profMan,oNE,officeCler,524
profMan,oNE,manConst,369
profMan,oNE,profMan,1041
profMan,oNE,retail,1035
profMan,oNE,oNE,1397
retail,officeCler,officeCler,130
retail,officeCler,manConst,156
retail,officeCler,profMan,212
retail,officeCler,retail,237
retail,officeCler,oNE,706
retail,manConst,officeCler,156
retail,manConst,manConst,103
retail,manConst,profMan,144
retail,manConst,retail,190
retail,manConst,oNE,619
retail,profMan,officeCler,212
retail,profMan,manConst,144
retail,profMan,profMan,370
retail,profMan,retail,336
retail,profMan,oNE,1035
retail,retail,officeCler,237
retail,retail,manConst,190
retail,retail,profMan,336
retail,retail,retail,369
retail,retail,oNE,1079
retail,oNE,officeCler,706
retail,oNE,manConst,619
retail,oNE,profMan,1035
retail,oNE,retail,1079
retail,oNE,oNE,1592
oNE,officeCler,officeCler,327
oNE,officeCler,manConst,316
oNE,officeCler,profMan,524
oNE,officeCler,retail,706
oNE,officeCler,oNE,767
oNE,manConst,officeCler,316
oNE,manConst,manConst,213
oNE,manConst,profMan,369
oNE,manConst,retail,619
oNE,manConst,oNE,580
oNE,profMan,officeCler,524
oNE,profMan,manConst,369
oNE,profMan,profMan,1041
oNE,profMan,retail,1035
oNE,profMan,oNE,1397
oNE,retail,officeCler,706
oNE,retail,manConst,619
oNE,retail,profMan,1035
oNE,retail,retail,1079
oNE,retail,oNE,1592
oNE,oNE,officeCler,767
oNE,oNE,manConst,580
oNE,oNE,profMan,1397
oNE,oNE,retail,1592
oNE,oNE,oNE,1341
