eleven,eleven,eleven,0
eleven,eleven,fourteen,0
eleven,eleven,sixteen,0
eleven,eleven,eighteen,0
eleven,eleven,twentysix,1
eleven,eleven,thirtyone,12
eleven,eleven,fortyone,29
eleven,eleven,fiftyone,0
eleven,eleven,fiftyfive,3
eleven,eleven,sixtyfivePlus,0
eleven,fourteen,eleven,0
eleven,fourteen,fourteen,0
eleven,fourteen,sixteen,0
eleven,fourteen,eighteen,0
eleven,fourteen,twentysix,1
eleven,fourteen,thirtyone,14
eleven,fourteen,fortyone,82
eleven,fourteen,fiftyone,14
eleven,fourteen,fiftyfive,3
eleven,fourteen,sixtyfivePlus,1
eleven,sixteen,eleven,0
eleven,sixteen,fourteen,0
eleven,sixteen,sixteen,0
eleven,sixteen,eighteen,0
eleven,sixteen,twentysix,0
eleven,sixteen,thirtyone,13
eleven,sixteen,fortyone,49
eleven,sixteen,fiftyone,15
eleven,sixteen,fiftyfive,4
eleven,sixteen,sixtyfivePlus,3
eleven,eighteen,eleven,0
eleven,eighteen,fourteen,0
eleven,eighteen,sixteen,0
eleven,eighteen,eighteen,2
eleven,eighteen,twentysix,1
eleven,eighteen,thirtyone,4
eleven,eighteen,fortyone,57
eleven,eighteen,fiftyone,13
eleven,eighteen,fiftyfive,4
eleven,eighteen,sixtyfivePlus,0
eleven,twentysix,eleven,1
eleven,twentysix,fourteen,1
eleven,twentysix,sixteen,0
eleven,twentysix,eighteen,1
eleven,twentysix,twentysix,1
eleven,twentysix,thirtyone,7
eleven,twentysix,fortyone,4
eleven,twentysix,fiftyone,1
eleven,twentysix,fiftyfive,3
eleven,twentysix,sixtyfivePlus,1
eleven,thirtyone,eleven,12
eleven,thirtyone,fourteen,14
eleven,thirtyone,sixteen,13
eleven,thirtyone,eighteen,4
eleven,thirtyone,twentysix,7
eleven,thirtyone,thirtyone,78
eleven,thirtyone,fortyone,128
eleven,thirtyone,fiftyone,7
eleven,thirtyone,fiftyfive,2
eleven,thirtyone,sixtyfivePlus,7
eleven,fortyone,eleven,29
eleven,fortyone,fourteen,82
eleven,fortyone,sixteen,49
eleven,fortyone,eighteen,57
eleven,fortyone,twentysix,4
eleven,fortyone,thirtyone,128
eleven,fortyone,fortyone,426
eleven,fortyone,fiftyone,133
eleven,fortyone,fiftyfive,59
eleven,fortyone,sixtyfivePlus,26
eleven,fiftyone,eleven,0
eleven,fiftyone,fourteen,14
eleven,fiftyone,sixteen,15
eleven,fiftyone,eighteen,13
eleven,fiftyone,twentysix,1
eleven,fiftyone,thirtyone,7
eleven,fiftyone,fortyone,133
eleven,fiftyone,fiftyone,39
eleven,fiftyone,fiftyfive,53
eleven,fiftyone,sixtyfivePlus,12
eleven,fiftyfive,eleven,3
eleven,fiftyfive,fourteen,3
eleven,fiftyfive,sixteen,4
eleven,fiftyfive,eighteen,4
eleven,fiftyfive,twentysix,3
eleven,fiftyfive,thirtyone,2
eleven,fiftyfive,fortyone,59
eleven,fiftyfive,fiftyone,53
eleven,fiftyfive,fiftyfive,26
eleven,fiftyfive,sixtyfivePlus,8
eleven,sixtyfivePlus,eleven,0
eleven,sixtyfivePlus,fourteen,1
eleven,sixtyfivePlus,sixteen,3
eleven,sixtyfivePlus,eighteen,0
eleven,sixtyfivePlus,twentysix,1
eleven,sixtyfivePlus,thirtyone,7
eleven,sixtyfivePlus,fortyone,26
eleven,sixtyfivePlus,fiftyone,12
eleven,sixtyfivePlus,fiftyfive,8
eleven,sixtyfivePlus,sixtyfivePlus,4
fourteen,eleven,eleven,0
fourteen,eleven,fourteen,0
fourteen,eleven,sixteen,0
fourteen,eleven,eighteen,0
fourteen,eleven,twentysix,1
fourteen,eleven,thirtyone,14
fourteen,eleven,fortyone,82
fourteen,eleven,fiftyone,14
fourteen,eleven,fiftyfive,3
fourteen,eleven,sixtyfivePlus,1
fourteen,fourteen,eleven,0
fourteen,fourteen,fourteen,0
fourteen,fourteen,sixteen,0
fourteen,fourteen,eighteen,0
fourteen,fourteen,twentysix,0
fourteen,fourteen,thirtyone,2
fourteen,fourteen,fortyone,8
fourteen,fourteen,fiftyone,4
fourteen,fourteen,fiftyfive,2
fourteen,fourteen,sixtyfivePlus,0
fourteen,sixteen,eleven,0
fourteen,sixteen,fourteen,0
fourteen,sixteen,sixteen,0
fourteen,sixteen,eighteen,0
fourteen,sixteen,twentysix,0
fourteen,sixteen,thirtyone,17
fourteen,sixteen,fortyone,74
fourteen,sixteen,fiftyone,18
fourteen,sixteen,fiftyfive,3
fourteen,sixteen,sixtyfivePlus,1
fourteen,eighteen,eleven,0
fourteen,eighteen,fourteen,0
fourteen,eighteen,sixteen,0
fourteen,eighteen,eighteen,1
fourteen,eighteen,twentysix,1
fourteen,eighteen,thirtyone,7
fourteen,eighteen,fortyone,79
fourteen,eighteen,fiftyone,16
fourteen,eighteen,fiftyfive,8
fourteen,eighteen,sixtyfivePlus,1
fourteen,twentysix,eleven,1
fourteen,twentysix,fourteen,0
fourteen,twentysix,sixteen,0
fourteen,twentysix,eighteen,1
fourteen,twentysix,twentysix,0
fourteen,twentysix,thirtyone,5
fourteen,twentysix,fortyone,3
fourteen,twentysix,fiftyone,1
fourteen,twentysix,fiftyfive,3
fourteen,twentysix,sixtyfivePlus,0
fourteen,thirtyone,eleven,14
fourteen,thirtyone,fourteen,2
fourteen,thirtyone,sixteen,17
fourteen,thirtyone,eighteen,7
fourteen,thirtyone,twentysix,5
fourteen,thirtyone,thirtyone,36
fourteen,thirtyone,fortyone,70
fourteen,thirtyone,fiftyone,4
fourteen,thirtyone,fiftyfive,9
fourteen,thirtyone,sixtyfivePlus,3
fourteen,fortyone,eleven,82
fourteen,fortyone,fourteen,8
fourteen,fortyone,sixteen,74
fourteen,fortyone,eighteen,79
fourteen,fortyone,twentysix,3
fourteen,fortyone,thirtyone,70
fourteen,fortyone,fortyone,368
fourteen,fortyone,fiftyone,157
fourteen,fortyone,fiftyfive,73
fourteen,fortyone,sixtyfivePlus,26
fourteen,fiftyone,eleven,14
fourteen,fiftyone,fourteen,4
fourteen,fiftyone,sixteen,18
fourteen,fiftyone,eighteen,16
fourteen,fiftyone,twentysix,1
fourteen,fiftyone,thirtyone,4
fourteen,fiftyone,fortyone,157
fourteen,fiftyone,fiftyone,87
fourteen,fiftyone,fiftyfive,85
fourteen,fiftyone,sixtyfivePlus,8
fourteen,fiftyfive,eleven,3
fourteen,fiftyfive,fourteen,2
fourteen,fiftyfive,sixteen,3
fourteen,fiftyfive,eighteen,8
fourteen,fiftyfive,twentysix,3
fourteen,fiftyfive,thirtyone,9
fourteen,fiftyfive,fortyone,73
fourteen,fiftyfive,fiftyone,85
fourteen,fiftyfive,fiftyfive,49
fourteen,fiftyfive,sixtyfivePlus,13
fourteen,sixtyfivePlus,eleven,1
fourteen,sixtyfivePlus,fourteen,0
fourteen,sixtyfivePlus,sixteen,1
fourteen,sixtyfivePlus,eighteen,1
fourteen,sixtyfivePlus,twentysix,0
fourteen,sixtyfivePlus,thirtyone,3
fourteen,sixtyfivePlus,fortyone,26
fourteen,sixtyfivePlus,fiftyone,8
fourteen,sixtyfivePlus,fiftyfive,13
fourteen,sixtyfivePlus,sixtyfivePlus,3
sixteen,eleven,eleven,0
sixteen,eleven,fourteen,0
sixteen,eleven,sixteen,0
sixteen,eleven,eighteen,0
sixteen,eleven,twentysix,0
sixteen,eleven,thirtyone,13
sixteen,eleven,fortyone,49
sixteen,eleven,fiftyone,15
sixteen,eleven,fiftyfive,4
sixteen,eleven,sixtyfivePlus,3
sixteen,fourteen,eleven,0
sixteen,fourteen,fourteen,0
sixteen,fourteen,sixteen,0
sixteen,fourteen,eighteen,0
sixteen,fourteen,twentysix,0
sixteen,fourteen,thirtyone,17
sixteen,fourteen,fortyone,74
sixteen,fourteen,fiftyone,18
sixteen,fourteen,fiftyfive,3
sixteen,fourteen,sixtyfivePlus,1
sixteen,sixteen,eleven,0
sixteen,sixteen,fourteen,0
sixteen,sixteen,sixteen,0
sixteen,sixteen,eighteen,0
sixteen,sixteen,twentysix,0
sixteen,sixteen,thirtyone,1
sixteen,sixteen,fortyone,10
sixteen,sixteen,fiftyone,4
sixteen,sixteen,fiftyfive,2
sixteen,sixteen,sixtyfivePlus,1
sixteen,eighteen,eleven,0
sixteen,eighteen,fourteen,0
sixteen,eighteen,sixteen,0
sixteen,eighteen,eighteen,2
sixteen,eighteen,twentysix,1
sixteen,eighteen,thirtyone,10
sixteen,eighteen,fortyone,130
sixteen,eighteen,fiftyone,46
sixteen,eighteen,fiftyfive,25
sixteen,eighteen,sixtyfivePlus,3
sixteen,twentysix,eleven,0
sixteen,twentysix,fourteen,0
sixteen,twentysix,sixteen,0
sixteen,twentysix,eighteen,1
sixteen,twentysix,twentysix,0
sixteen,twentysix,thirtyone,1
sixteen,twentysix,fortyone,1
sixteen,twentysix,fiftyone,1
sixteen,twentysix,fiftyfive,7
sixteen,twentysix,sixtyfivePlus,0
sixteen,thirtyone,eleven,13
sixteen,thirtyone,fourteen,17
sixteen,thirtyone,sixteen,1
sixteen,thirtyone,eighteen,10
sixteen,thirtyone,twentysix,1
sixteen,thirtyone,thirtyone,22
sixteen,thirtyone,fortyone,69
sixteen,thirtyone,fiftyone,3
sixteen,thirtyone,fiftyfive,5
sixteen,thirtyone,sixtyfivePlus,2
sixteen,fortyone,eleven,49
sixteen,fortyone,fourteen,74
sixteen,fortyone,sixteen,10
sixteen,fortyone,eighteen,130
sixteen,fortyone,twentysix,1
sixteen,fortyone,thirtyone,69
sixteen,fortyone,fortyone,419
sixteen,fortyone,fiftyone,237
sixteen,fortyone,fiftyfive,109
sixteen,fortyone,sixtyfivePlus,26
sixteen,fiftyone,eleven,15
sixteen,fiftyone,fourteen,18
sixteen,fiftyone,sixteen,4
sixteen,fiftyone,eighteen,46
sixteen,fiftyone,twentysix,1
sixteen,fiftyone,thirtyone,3
sixteen,fiftyone,fortyone,237
sixteen,fiftyone,fiftyone,130
sixteen,fiftyone,fiftyfive,118
sixteen,fiftyone,sixtyfivePlus,15
sixteen,fiftyfive,eleven,4
sixteen,fiftyfive,fourteen,3
sixteen,fiftyfive,sixteen,2
sixteen,fiftyfive,eighteen,25
sixteen,fiftyfive,twentysix,7
sixteen,fiftyfive,thirtyone,5
sixteen,fiftyfive,fortyone,109
sixteen,fiftyfive,fiftyone,118
sixteen,fiftyfive,fiftyfive,117
sixteen,fiftyfive,sixtyfivePlus,20
sixteen,sixtyfivePlus,eleven,3
sixteen,sixtyfivePlus,fourteen,1
sixteen,sixtyfivePlus,sixteen,1
sixteen,sixtyfivePlus,eighteen,3
sixteen,sixtyfivePlus,twentysix,0
sixteen,sixtyfivePlus,thirtyone,2
sixteen,sixtyfivePlus,fortyone,26
sixteen,sixtyfivePlus,fiftyone,15
sixteen,sixtyfivePlus,fiftyfive,20
sixteen,sixtyfivePlus,sixtyfivePlus,13
eighteen,eleven,eleven,0
eighteen,eleven,fourteen,0
eighteen,eleven,sixteen,0
eighteen,eleven,eighteen,2
eighteen,eleven,twentysix,1
eighteen,eleven,thirtyone,4
eighteen,eleven,fortyone,57
eighteen,eleven,fiftyone,13
eighteen,eleven,fiftyfive,4
eighteen,eleven,sixtyfivePlus,0
eighteen,fourteen,eleven,0
eighteen,fourteen,fourteen,0
eighteen,fourteen,sixteen,0
eighteen,fourteen,eighteen,1
eighteen,fourteen,twentysix,1
eighteen,fourteen,thirtyone,7
eighteen,fourteen,fortyone,79
eighteen,fourteen,fiftyone,16
eighteen,fourteen,fiftyfive,8
eighteen,fourteen,sixtyfivePlus,1
eighteen,sixteen,eleven,0
eighteen,sixteen,fourteen,0
eighteen,sixteen,sixteen,0
eighteen,sixteen,eighteen,2
eighteen,sixteen,twentysix,1
eighteen,sixteen,thirtyone,10
eighteen,sixteen,fortyone,130
eighteen,sixteen,fiftyone,46
eighteen,sixteen,fiftyfive,25
eighteen,sixteen,sixtyfivePlus,3
eighteen,eighteen,eleven,2
eighteen,eighteen,fourteen,1
eighteen,eighteen,sixteen,2
eighteen,eighteen,eighteen,8
eighteen,eighteen,twentysix,10
eighteen,eighteen,thirtyone,14
eighteen,eighteen,fortyone,154
eighteen,eighteen,fiftyone,101
eighteen,eighteen,fiftyfive,114
eighteen,eighteen,sixtyfivePlus,20
eighteen,twentysix,eleven,1
eighteen,twentysix,fourteen,1
eighteen,twentysix,sixteen,1
eighteen,twentysix,eighteen,10
eighteen,twentysix,twentysix,12
eighteen,twentysix,thirtyone,12
eighteen,twentysix,fortyone,29
eighteen,twentysix,fiftyone,57
eighteen,twentysix,fiftyfive,103
eighteen,twentysix,sixtyfivePlus,11
eighteen,thirtyone,eleven,4
eighteen,thirtyone,fourteen,7
eighteen,thirtyone,sixteen,10
eighteen,thirtyone,eighteen,14
eighteen,thirtyone,twentysix,12
eighteen,thirtyone,thirtyone,28
eighteen,thirtyone,fortyone,63
eighteen,thirtyone,fiftyone,14
eighteen,thirtyone,fiftyfive,29
eighteen,thirtyone,sixtyfivePlus,9
eighteen,fortyone,eleven,57
eighteen,fortyone,fourteen,79
eighteen,fortyone,sixteen,130
eighteen,fortyone,eighteen,154
eighteen,fortyone,twentysix,29
eighteen,fortyone,thirtyone,63
eighteen,fortyone,fortyone,677
eighteen,fortyone,fiftyone,445
eighteen,fortyone,fiftyfive,302
eighteen,fortyone,sixtyfivePlus,65
eighteen,fiftyone,eleven,13
eighteen,fiftyone,fourteen,16
eighteen,fiftyone,sixteen,46
eighteen,fiftyone,eighteen,101
eighteen,fiftyone,twentysix,57
eighteen,fiftyone,thirtyone,14
eighteen,fiftyone,fortyone,445
eighteen,fiftyone,fiftyone,454
eighteen,fiftyone,fiftyfive,621
eighteen,fiftyone,sixtyfivePlus,58
eighteen,fiftyfive,eleven,4
eighteen,fiftyfive,fourteen,8
eighteen,fiftyfive,sixteen,25
eighteen,fiftyfive,eighteen,114
eighteen,fiftyfive,twentysix,103
eighteen,fiftyfive,thirtyone,29
eighteen,fiftyfive,fortyone,302
eighteen,fiftyfive,fiftyone,621
eighteen,fiftyfive,fiftyfive,1118
eighteen,fiftyfive,sixtyfivePlus,280
eighteen,sixtyfivePlus,eleven,0
eighteen,sixtyfivePlus,fourteen,1
eighteen,sixtyfivePlus,sixteen,3
eighteen,sixtyfivePlus,eighteen,20
eighteen,sixtyfivePlus,twentysix,11
eighteen,sixtyfivePlus,thirtyone,9
eighteen,sixtyfivePlus,fortyone,65
eighteen,sixtyfivePlus,fiftyone,58
eighteen,sixtyfivePlus,fiftyfive,280
eighteen,sixtyfivePlus,sixtyfivePlus,103
twentysix,eleven,eleven,1
twentysix,eleven,fourteen,1
twentysix,eleven,sixteen,0
twentysix,eleven,eighteen,1
twentysix,eleven,twentysix,1
twentysix,eleven,thirtyone,7
twentysix,eleven,fortyone,4
twentysix,eleven,fiftyone,1
twentysix,eleven,fiftyfive,3
twentysix,eleven,sixtyfivePlus,1
twentysix,fourteen,eleven,1
twentysix,fourteen,fourteen,0
twentysix,fourteen,sixteen,0
twentysix,fourteen,eighteen,1
twentysix,fourteen,twentysix,0
twentysix,fourteen,thirtyone,5
twentysix,fourteen,fortyone,3
twentysix,fourteen,fiftyone,1
twentysix,fourteen,fiftyfive,3
twentysix,fourteen,sixtyfivePlus,0
twentysix,sixteen,eleven,0
twentysix,sixteen,fourteen,0
twentysix,sixteen,sixteen,0
twentysix,sixteen,eighteen,1
twentysix,sixteen,twentysix,0
twentysix,sixteen,thirtyone,1
twentysix,sixteen,fortyone,1
twentysix,sixteen,fiftyone,1
twentysix,sixteen,fiftyfive,7
twentysix,sixteen,sixtyfivePlus,0
twentysix,eighteen,eleven,1
twentysix,eighteen,fourteen,1
twentysix,eighteen,sixteen,1
twentysix,eighteen,eighteen,10
twentysix,eighteen,twentysix,12
twentysix,eighteen,thirtyone,12
twentysix,eighteen,fortyone,29
twentysix,eighteen,fiftyone,57
twentysix,eighteen,fiftyfive,103
twentysix,eighteen,sixtyfivePlus,11
twentysix,twentysix,eleven,1
twentysix,twentysix,fourteen,0
twentysix,twentysix,sixteen,0
twentysix,twentysix,eighteen,12
twentysix,twentysix,twentysix,4
twentysix,twentysix,thirtyone,11
twentysix,twentysix,fortyone,11
twentysix,twentysix,fiftyone,14
twentysix,twentysix,fiftyfive,65
twentysix,twentysix,sixtyfivePlus,12
twentysix,thirtyone,eleven,7
twentysix,thirtyone,fourteen,5
twentysix,thirtyone,sixteen,1
twentysix,thirtyone,eighteen,12
twentysix,thirtyone,twentysix,11
twentysix,thirtyone,thirtyone,15
twentysix,thirtyone,fortyone,9
twentysix,thirtyone,fiftyone,14
twentysix,thirtyone,fiftyfive,64
twentysix,thirtyone,sixtyfivePlus,38
twentysix,fortyone,eleven,4
twentysix,fortyone,fourteen,3
twentysix,fortyone,sixteen,1
twentysix,fortyone,eighteen,29
twentysix,fortyone,twentysix,11
twentysix,fortyone,thirtyone,9
twentysix,fortyone,fortyone,41
twentysix,fortyone,fiftyone,47
twentysix,fortyone,fiftyfive,70
twentysix,fortyone,sixtyfivePlus,23
twentysix,fiftyone,eleven,1
twentysix,fiftyone,fourteen,1
twentysix,fiftyone,sixteen,1
twentysix,fiftyone,eighteen,57
twentysix,fiftyone,twentysix,14
twentysix,fiftyone,thirtyone,14
twentysix,fiftyone,fortyone,47
twentysix,fiftyone,fiftyone,93
twentysix,fiftyone,fiftyfive,205
twentysix,fiftyone,sixtyfivePlus,34
twentysix,fiftyfive,eleven,3
twentysix,fiftyfive,fourteen,3
twentysix,fiftyfive,sixteen,7
twentysix,fiftyfive,eighteen,103
twentysix,fiftyfive,twentysix,65
twentysix,fiftyfive,thirtyone,64
twentysix,fiftyfive,fortyone,70
twentysix,fiftyfive,fiftyone,205
twentysix,fiftyfive,fiftyfive,891
twentysix,fiftyfive,sixtyfivePlus,333
twentysix,sixtyfivePlus,eleven,1
twentysix,sixtyfivePlus,fourteen,0
twentysix,sixtyfivePlus,sixteen,0
twentysix,sixtyfivePlus,eighteen,11
twentysix,sixtyfivePlus,twentysix,12
twentysix,sixtyfivePlus,thirtyone,38
twentysix,sixtyfivePlus,fortyone,23
twentysix,sixtyfivePlus,fiftyone,34
twentysix,sixtyfivePlus,fiftyfive,333
twentysix,sixtyfivePlus,sixtyfivePlus,174
thirtyone,eleven,eleven,12
thirtyone,eleven,fourteen,14
thirtyone,eleven,sixteen,13
thirtyone,eleven,eighteen,4
thirtyone,eleven,twentysix,7
thirtyone,eleven,thirtyone,78
thirtyone,eleven,fortyone,128
thirtyone,eleven,fiftyone,7
thirtyone,eleven,fiftyfive,2
thirtyone,eleven,sixtyfivePlus,7
thirtyone,fourteen,eleven,14
thirtyone,fourteen,fourteen,2
thirtyone,fourteen,sixteen,17
thirtyone,fourteen,eighteen,7
thirtyone,fourteen,twentysix,5
thirtyone,fourteen,thirtyone,36
thirtyone,fourteen,fortyone,70
thirtyone,fourteen,fiftyone,4
thirtyone,fourteen,fiftyfive,9
thirtyone,fourteen,sixtyfivePlus,3
thirtyone,sixteen,eleven,13
thirtyone,sixteen,fourteen,17
thirtyone,sixteen,sixteen,1
thirtyone,sixteen,eighteen,10
thirtyone,sixteen,twentysix,1
thirtyone,sixteen,thirtyone,22
thirtyone,sixteen,fortyone,69
thirtyone,sixteen,fiftyone,3
thirtyone,sixteen,fiftyfive,5
thirtyone,sixteen,sixtyfivePlus,2
thirtyone,eighteen,eleven,4
thirtyone,eighteen,fourteen,7
thirtyone,eighteen,sixteen,10
thirtyone,eighteen,eighteen,14
thirtyone,eighteen,twentysix,12
thirtyone,eighteen,thirtyone,28
thirtyone,eighteen,fortyone,63
thirtyone,eighteen,fiftyone,14
thirtyone,eighteen,fiftyfive,29
thirtyone,eighteen,sixtyfivePlus,9
thirtyone,twentysix,eleven,7
thirtyone,twentysix,fourteen,5
thirtyone,twentysix,sixteen,1
thirtyone,twentysix,eighteen,12
thirtyone,twentysix,twentysix,11
thirtyone,twentysix,thirtyone,15
thirtyone,twentysix,fortyone,9
thirtyone,twentysix,fiftyone,14
thirtyone,twentysix,fiftyfive,64
thirtyone,twentysix,sixtyfivePlus,38
thirtyone,thirtyone,eleven,78
thirtyone,thirtyone,fourteen,36
thirtyone,thirtyone,sixteen,22
thirtyone,thirtyone,eighteen,28
thirtyone,thirtyone,twentysix,15
thirtyone,thirtyone,thirtyone,20
thirtyone,thirtyone,fortyone,14
thirtyone,thirtyone,fiftyone,4
thirtyone,thirtyone,fiftyfive,54
thirtyone,thirtyone,sixtyfivePlus,58
thirtyone,fortyone,eleven,128
thirtyone,fortyone,fourteen,70
thirtyone,fortyone,sixteen,69
thirtyone,fortyone,eighteen,63
thirtyone,fortyone,twentysix,9
thirtyone,fortyone,thirtyone,14
thirtyone,fortyone,fortyone,11
thirtyone,fortyone,fiftyone,13
thirtyone,fortyone,fiftyfive,31
thirtyone,fortyone,sixtyfivePlus,78
thirtyone,fiftyone,eleven,7
thirtyone,fiftyone,fourteen,4
thirtyone,fiftyone,sixteen,3
thirtyone,fiftyone,eighteen,14
thirtyone,fiftyone,twentysix,14
thirtyone,fiftyone,thirtyone,4
thirtyone,fiftyone,fortyone,13
thirtyone,fiftyone,fiftyone,18
thirtyone,fiftyone,fiftyfive,50
thirtyone,fiftyone,sixtyfivePlus,23
thirtyone,fiftyfive,eleven,2
thirtyone,fiftyfive,fourteen,9
thirtyone,fiftyfive,sixteen,5
thirtyone,fiftyfive,eighteen,29
thirtyone,fiftyfive,twentysix,64
thirtyone,fiftyfive,thirtyone,54
thirtyone,fiftyfive,fortyone,31
thirtyone,fiftyfive,fiftyone,50
thirtyone,fiftyfive,fiftyfive,447
thirtyone,fiftyfive,sixtyfivePlus,394
thirtyone,sixtyfivePlus,eleven,7
thirtyone,sixtyfivePlus,fourteen,3
thirtyone,sixtyfivePlus,sixteen,2
thirtyone,sixtyfivePlus,eighteen,9
thirtyone,sixtyfivePlus,twentysix,38
thirtyone,sixtyfivePlus,thirtyone,58
thirtyone,sixtyfivePlus,fortyone,78
thirtyone,sixtyfivePlus,fiftyone,23
thirtyone,sixtyfivePlus,fiftyfive,394
thirtyone,sixtyfivePlus,sixtyfivePlus,555
fortyone,eleven,eleven,29
fortyone,eleven,fourteen,82
fortyone,eleven,sixteen,49
fortyone,eleven,eighteen,57
fortyone,eleven,twentysix,4
fortyone,eleven,thirtyone,128
fortyone,eleven,fortyone,426
fortyone,eleven,fiftyone,133
fortyone,eleven,fiftyfive,59
fortyone,eleven,sixtyfivePlus,26
fortyone,fourteen,eleven,82
fortyone,fourteen,fourteen,8
fortyone,fourteen,sixteen,74
fortyone,fourteen,eighteen,79
fortyone,fourteen,twentysix,3
fortyone,fourteen,thirtyone,70
fortyone,fourteen,fortyone,368
fortyone,fourteen,fiftyone,157
fortyone,fourteen,fiftyfive,73
fortyone,fourteen,sixtyfivePlus,26
fortyone,sixteen,eleven,49
fortyone,sixteen,fourteen,74
fortyone,sixteen,sixteen,10
fortyone,sixteen,eighteen,130
fortyone,sixteen,twentysix,1
fortyone,sixteen,thirtyone,69
fortyone,sixteen,fortyone,419
fortyone,sixteen,fiftyone,237
fortyone,sixteen,fiftyfive,109
fortyone,sixteen,sixtyfivePlus,26
fortyone,eighteen,eleven,57
fortyone,eighteen,fourteen,79
fortyone,eighteen,sixteen,130
fortyone,eighteen,eighteen,154
fortyone,eighteen,twentysix,29
fortyone,eighteen,thirtyone,63
fortyone,eighteen,fortyone,677
fortyone,eighteen,fiftyone,445
fortyone,eighteen,fiftyfive,302
fortyone,eighteen,sixtyfivePlus,65
fortyone,twentysix,eleven,4
fortyone,twentysix,fourteen,3
fortyone,twentysix,sixteen,1
fortyone,twentysix,eighteen,29
fortyone,twentysix,twentysix,11
fortyone,twentysix,thirtyone,9
fortyone,twentysix,fortyone,41
fortyone,twentysix,fiftyone,47
fortyone,twentysix,fiftyfive,70
fortyone,twentysix,sixtyfivePlus,23
fortyone,thirtyone,eleven,128
fortyone,thirtyone,fourteen,70
fortyone,thirtyone,sixteen,69
fortyone,thirtyone,eighteen,63
fortyone,thirtyone,twentysix,9
fortyone,thirtyone,thirtyone,14
fortyone,thirtyone,fortyone,11
fortyone,thirtyone,fiftyone,13
fortyone,thirtyone,fiftyfive,31
fortyone,thirtyone,sixtyfivePlus,78
fortyone,fortyone,eleven,426
fortyone,fortyone,fourteen,368
fortyone,fortyone,sixteen,419
fortyone,fortyone,eighteen,677
fortyone,fortyone,twentysix,41
fortyone,fortyone,thirtyone,11
fortyone,fortyone,fortyone,17
fortyone,fortyone,fiftyone,11
fortyone,fortyone,fiftyfive,20
fortyone,fortyone,sixtyfivePlus,160
fortyone,fiftyone,eleven,133
fortyone,fiftyone,fourteen,157
fortyone,fiftyone,sixteen,237
fortyone,fiftyone,eighteen,445
fortyone,fiftyone,twentysix,47
fortyone,fiftyone,thirtyone,13
fortyone,fiftyone,fortyone,11
fortyone,fiftyone,fiftyone,4
fortyone,fiftyone,fiftyfive,14
fortyone,fiftyone,sixtyfivePlus,84
fortyone,fiftyfive,eleven,59
fortyone,fiftyfive,fourteen,73
fortyone,fiftyfive,sixteen,109
fortyone,fiftyfive,eighteen,302
fortyone,fiftyfive,twentysix,70
fortyone,fiftyfive,thirtyone,31
fortyone,fiftyfive,fortyone,20
fortyone,fiftyfive,fiftyone,14
fortyone,fiftyfive,fiftyfive,29
fortyone,fiftyfive,sixtyfivePlus,135
fortyone,sixtyfivePlus,eleven,26
fortyone,sixtyfivePlus,fourteen,26
fortyone,sixtyfivePlus,sixteen,26
fortyone,sixtyfivePlus,eighteen,65
fortyone,sixtyfivePlus,twentysix,23
fortyone,sixtyfivePlus,thirtyone,78
fortyone,sixtyfivePlus,fortyone,160
fortyone,sixtyfivePlus,fiftyone,84
fortyone,sixtyfivePlus,fiftyfive,135
fortyone,sixtyfivePlus,sixtyfivePlus,684
fiftyone,eleven,eleven,0
fiftyone,eleven,fourteen,14
fiftyone,eleven,sixteen,15
fiftyone,eleven,eighteen,13
fiftyone,eleven,twentysix,1
fiftyone,eleven,thirtyone,7
fiftyone,eleven,fortyone,133
fiftyone,eleven,fiftyone,39
fiftyone,eleven,fiftyfive,53
fiftyone,eleven,sixtyfivePlus,12
fiftyone,fourteen,eleven,14
fiftyone,fourteen,fourteen,4
fiftyone,fourteen,sixteen,18
fiftyone,fourteen,eighteen,16
fiftyone,fourteen,twentysix,1
fiftyone,fourteen,thirtyone,4
fiftyone,fourteen,fortyone,157
fiftyone,fourteen,fiftyone,87
fiftyone,fourteen,fiftyfive,85
fiftyone,fourteen,sixtyfivePlus,8
fiftyone,sixteen,eleven,15
fiftyone,sixteen,fourteen,18
fiftyone,sixteen,sixteen,4
fiftyone,sixteen,eighteen,46
fiftyone,sixteen,twentysix,1
fiftyone,sixteen,thirtyone,3
fiftyone,sixteen,fortyone,237
fiftyone,sixteen,fiftyone,130
fiftyone,sixteen,fiftyfive,118
fiftyone,sixteen,sixtyfivePlus,15
fiftyone,eighteen,eleven,13
fiftyone,eighteen,fourteen,16
fiftyone,eighteen,sixteen,46
fiftyone,eighteen,eighteen,101
fiftyone,eighteen,twentysix,57
fiftyone,eighteen,thirtyone,14
fiftyone,eighteen,fortyone,445
fiftyone,eighteen,fiftyone,454
fiftyone,eighteen,fiftyfive,621
fiftyone,eighteen,sixtyfivePlus,58
fiftyone,twentysix,eleven,1
fiftyone,twentysix,fourteen,1
fiftyone,twentysix,sixteen,1
fiftyone,twentysix,eighteen,57
fiftyone,twentysix,twentysix,14
fiftyone,twentysix,thirtyone,14
fiftyone,twentysix,fortyone,47
fiftyone,twentysix,fiftyone,93
fiftyone,twentysix,fiftyfive,205
fiftyone,twentysix,sixtyfivePlus,34
fiftyone,thirtyone,eleven,7
fiftyone,thirtyone,fourteen,4
fiftyone,thirtyone,sixteen,3
fiftyone,thirtyone,eighteen,14
fiftyone,thirtyone,twentysix,14
fiftyone,thirtyone,thirtyone,4
fiftyone,thirtyone,fortyone,13
fiftyone,thirtyone,fiftyone,18
fiftyone,thirtyone,fiftyfive,50
fiftyone,thirtyone,sixtyfivePlus,23
fiftyone,fortyone,eleven,133
fiftyone,fortyone,fourteen,157
fiftyone,fortyone,sixteen,237
fiftyone,fortyone,eighteen,445
fiftyone,fortyone,twentysix,47
fiftyone,fortyone,thirtyone,13
fiftyone,fortyone,fortyone,11
fiftyone,fortyone,fiftyone,4
fiftyone,fortyone,fiftyfive,14
fiftyone,fortyone,sixtyfivePlus,84
fiftyone,fiftyone,eleven,39
fiftyone,fiftyone,fourteen,87
fiftyone,fiftyone,sixteen,130
fiftyone,fiftyone,eighteen,454
fiftyone,fiftyone,twentysix,93
fiftyone,fiftyone,thirtyone,18
fiftyone,fiftyone,fortyone,4
fiftyone,fiftyone,fiftyone,4
fiftyone,fiftyone,fiftyfive,5
fiftyone,fiftyone,sixtyfivePlus,44
fiftyone,fiftyfive,eleven,53
fiftyone,fiftyfive,fourteen,85
fiftyone,fiftyfive,sixteen,118
fiftyone,fiftyfive,eighteen,621
fiftyone,fiftyfive,twentysix,205
fiftyone,fiftyfive,thirtyone,50
fiftyone,fiftyfive,fortyone,14
fiftyone,fiftyfive,fiftyone,5
fiftyone,fiftyfive,fiftyfive,15
fiftyone,fiftyfive,sixtyfivePlus,80
fiftyone,sixtyfivePlus,eleven,12
fiftyone,sixtyfivePlus,fourteen,8
fiftyone,sixtyfivePlus,sixteen,15
fiftyone,sixtyfivePlus,eighteen,58
fiftyone,sixtyfivePlus,twentysix,34
fiftyone,sixtyfivePlus,thirtyone,23
fiftyone,sixtyfivePlus,fortyone,84
fiftyone,sixtyfivePlus,fiftyone,44
fiftyone,sixtyfivePlus,fiftyfive,80
fiftyone,sixtyfivePlus,sixtyfivePlus,156
fiftyfive,eleven,eleven,3
fiftyfive,eleven,fourteen,3
fiftyfive,eleven,sixteen,4
fiftyfive,eleven,eighteen,4
fiftyfive,eleven,twentysix,3
fiftyfive,eleven,thirtyone,2
fiftyfive,eleven,fortyone,59
fiftyfive,eleven,fiftyone,53
fiftyfive,eleven,fiftyfive,26
fiftyfive,eleven,sixtyfivePlus,8
fiftyfive,fourteen,eleven,3
fiftyfive,fourteen,fourteen,2
fiftyfive,fourteen,sixteen,3
fiftyfive,fourteen,eighteen,8
fiftyfive,fourteen,twentysix,3
fiftyfive,fourteen,thirtyone,9
fiftyfive,fourteen,fortyone,73
fiftyfive,fourteen,fiftyone,85
fiftyfive,fourteen,fiftyfive,49
fiftyfive,fourteen,sixtyfivePlus,13
fiftyfive,sixteen,eleven,4
fiftyfive,sixteen,fourteen,3
fiftyfive,sixteen,sixteen,2
fiftyfive,sixteen,eighteen,25
fiftyfive,sixteen,twentysix,7
fiftyfive,sixteen,thirtyone,5
fiftyfive,sixteen,fortyone,109
fiftyfive,sixteen,fiftyone,118
fiftyfive,sixteen,fiftyfive,117
fiftyfive,sixteen,sixtyfivePlus,20
fiftyfive,eighteen,eleven,4
fiftyfive,eighteen,fourteen,8
fiftyfive,eighteen,sixteen,25
fiftyfive,eighteen,eighteen,114
fiftyfive,eighteen,twentysix,103
fiftyfive,eighteen,thirtyone,29
fiftyfive,eighteen,fortyone,302
fiftyfive,eighteen,fiftyone,621
fiftyfive,eighteen,fiftyfive,1118
fiftyfive,eighteen,sixtyfivePlus,280
fiftyfive,twentysix,eleven,3
fiftyfive,twentysix,fourteen,3
fiftyfive,twentysix,sixteen,7
fiftyfive,twentysix,eighteen,103
fiftyfive,twentysix,twentysix,65
fiftyfive,twentysix,thirtyone,64
fiftyfive,twentysix,fortyone,70
fiftyfive,twentysix,fiftyone,205
fiftyfive,twentysix,fiftyfive,891
fiftyfive,twentysix,sixtyfivePlus,333
fiftyfive,thirtyone,eleven,2
fiftyfive,thirtyone,fourteen,9
fiftyfive,thirtyone,sixteen,5
fiftyfive,thirtyone,eighteen,29
fiftyfive,thirtyone,twentysix,64
fiftyfive,thirtyone,thirtyone,54
fiftyfive,thirtyone,fortyone,31
fiftyfive,thirtyone,fiftyone,50
fiftyfive,thirtyone,fiftyfive,447
fiftyfive,thirtyone,sixtyfivePlus,394
fiftyfive,fortyone,eleven,59
fiftyfive,fortyone,fourteen,73
fiftyfive,fortyone,sixteen,109
fiftyfive,fortyone,eighteen,302
fiftyfive,fortyone,twentysix,70
fiftyfive,fortyone,thirtyone,31
fiftyfive,fortyone,fortyone,20
fiftyfive,fortyone,fiftyone,14
fiftyfive,fortyone,fiftyfive,29
fiftyfive,fortyone,sixtyfivePlus,135
fiftyfive,fiftyone,eleven,53
fiftyfive,fiftyone,fourteen,85
fiftyfive,fiftyone,sixteen,118
fiftyfive,fiftyone,eighteen,621
fiftyfive,fiftyone,twentysix,205
fiftyfive,fiftyone,thirtyone,50
fiftyfive,fiftyone,fortyone,14
fiftyfive,fiftyone,fiftyone,5
fiftyfive,fiftyone,fiftyfive,15
fiftyfive,fiftyone,sixtyfivePlus,80
fiftyfive,fiftyfive,eleven,26
fiftyfive,fiftyfive,fourteen,49
fiftyfive,fiftyfive,sixteen,117
fiftyfive,fiftyfive,eighteen,1118
fiftyfive,fiftyfive,twentysix,891
fiftyfive,fiftyfive,thirtyone,447
fiftyfive,fiftyfive,fortyone,29
fiftyfive,fiftyfive,fiftyone,15
fiftyfive,fiftyfive,fiftyfive,22
fiftyfive,fiftyfive,sixtyfivePlus,210
fiftyfive,sixtyfivePlus,eleven,8
fiftyfive,sixtyfivePlus,fourteen,13
fiftyfive,sixtyfivePlus,sixteen,20
fiftyfive,sixtyfivePlus,eighteen,280
fiftyfive,sixtyfivePlus,twentysix,333
fiftyfive,sixtyfivePlus,thirtyone,394
fiftyfive,sixtyfivePlus,fortyone,135
fiftyfive,sixtyfivePlus,fiftyone,80
fiftyfive,sixtyfivePlus,fiftyfive,210
fiftyfive,sixtyfivePlus,sixtyfivePlus,227
sixtyfivePlus,eleven,eleven,0
sixtyfivePlus,eleven,fourteen,1
sixtyfivePlus,eleven,sixteen,3
sixtyfivePlus,eleven,eighteen,0
sixtyfivePlus,eleven,twentysix,1
sixtyfivePlus,eleven,thirtyone,7
sixtyfivePlus,eleven,fortyone,26
sixtyfivePlus,eleven,fiftyone,12
sixtyfivePlus,eleven,fiftyfive,8
sixtyfivePlus,eleven,sixtyfivePlus,4
sixtyfivePlus,fourteen,eleven,1
sixtyfivePlus,fourteen,fourteen,0
sixtyfivePlus,fourteen,sixteen,1
sixtyfivePlus,fourteen,eighteen,1
sixtyfivePlus,fourteen,twentysix,0
sixtyfivePlus,fourteen,thirtyone,3
sixtyfivePlus,fourteen,fortyone,26
sixtyfivePlus,fourteen,fiftyone,8
sixtyfivePlus,fourteen,fiftyfive,13
sixtyfivePlus,fourteen,sixtyfivePlus,3
sixtyfivePlus,sixteen,eleven,3
sixtyfivePlus,sixteen,fourteen,1
sixtyfivePlus,sixteen,sixteen,1
sixtyfivePlus,sixteen,eighteen,3
sixtyfivePlus,sixteen,twentysix,0
sixtyfivePlus,sixteen,thirtyone,2
sixtyfivePlus,sixteen,fortyone,26
sixtyfivePlus,sixteen,fiftyone,15
sixtyfivePlus,sixteen,fiftyfive,20
sixtyfivePlus,sixteen,sixtyfivePlus,13
sixtyfivePlus,eighteen,eleven,0
sixtyfivePlus,eighteen,fourteen,1
sixtyfivePlus,eighteen,sixteen,3
sixtyfivePlus,eighteen,eighteen,20
sixtyfivePlus,eighteen,twentysix,11
sixtyfivePlus,eighteen,thirtyone,9
sixtyfivePlus,eighteen,fortyone,65
sixtyfivePlus,eighteen,fiftyone,58
sixtyfivePlus,eighteen,fiftyfive,280
sixtyfivePlus,eighteen,sixtyfivePlus,103
sixtyfivePlus,twentysix,eleven,1
sixtyfivePlus,twentysix,fourteen,0
sixtyfivePlus,twentysix,sixteen,0
sixtyfivePlus,twentysix,eighteen,11
sixtyfivePlus,twentysix,twentysix,12
sixtyfivePlus,twentysix,thirtyone,38
sixtyfivePlus,twentysix,fortyone,23
sixtyfivePlus,twentysix,fiftyone,34
sixtyfivePlus,twentysix,fiftyfive,333
sixtyfivePlus,twentysix,sixtyfivePlus,174
sixtyfivePlus,thirtyone,eleven,7
sixtyfivePlus,thirtyone,fourteen,3
sixtyfivePlus,thirtyone,sixteen,2
sixtyfivePlus,thirtyone,eighteen,9
sixtyfivePlus,thirtyone,twentysix,38
sixtyfivePlus,thirtyone,thirtyone,58
sixtyfivePlus,thirtyone,fortyone,78
sixtyfivePlus,thirtyone,fiftyone,23
sixtyfivePlus,thirtyone,fiftyfive,394
sixtyfivePlus,thirtyone,sixtyfivePlus,555
sixtyfivePlus,fortyone,eleven,26
sixtyfivePlus,fortyone,fourteen,26
sixtyfivePlus,fortyone,sixteen,26
sixtyfivePlus,fortyone,eighteen,65
sixtyfivePlus,fortyone,twentysix,23
sixtyfivePlus,fortyone,thirtyone,78
sixtyfivePlus,fortyone,fortyone,160
sixtyfivePlus,fortyone,fiftyone,84
sixtyfivePlus,fortyone,fiftyfive,135
sixtyfivePlus,fortyone,sixtyfivePlus,684
sixtyfivePlus,fiftyone,eleven,12
sixtyfivePlus,fiftyone,fourteen,8
sixtyfivePlus,fiftyone,sixteen,15
sixtyfivePlus,fiftyone,eighteen,58
sixtyfivePlus,fiftyone,twentysix,34
sixtyfivePlus,fiftyone,thirtyone,23
sixtyfivePlus,fiftyone,fortyone,84
sixtyfivePlus,fiftyone,fiftyone,44
sixtyfivePlus,fiftyone,fiftyfive,80
sixtyfivePlus,fiftyone,sixtyfivePlus,156
sixtyfivePlus,fiftyfive,eleven,8
sixtyfivePlus,fiftyfive,fourteen,13
sixtyfivePlus,fiftyfive,sixteen,20
sixtyfivePlus,fiftyfive,eighteen,280
sixtyfivePlus,fiftyfive,twentysix,333
sixtyfivePlus,fiftyfive,thirtyone,394
sixtyfivePlus,fiftyfive,fortyone,135
sixtyfivePlus,fiftyfive,fiftyone,80
sixtyfivePlus,fiftyfive,fiftyfive,210
sixtyfivePlus,fiftyfive,sixtyfivePlus,227
sixtyfivePlus,sixtyfivePlus,eleven,4
sixtyfivePlus,sixtyfivePlus,fourteen,3
sixtyfivePlus,sixtyfivePlus,sixteen,13
sixtyfivePlus,sixtyfivePlus,eighteen,103
sixtyfivePlus,sixtyfivePlus,twentysix,174
sixtyfivePlus,sixtyfivePlus,thirtyone,555
sixtyfivePlus,sixtyfivePlus,fortyone,684
sixtyfivePlus,sixtyfivePlus,fiftyone,156
sixtyfivePlus,sixtyfivePlus,fiftyfive,227
sixtyfivePlus,sixtyfivePlus,sixtyfivePlus,128
