h_officeCler,h_officeCler,h_officeCler,3
h_officeCler,h_officeCler,h_manConst,4
h_officeCler,h_officeCler,h_profMan,6
h_officeCler,h_officeCler,h_retail,22
h_officeCler,h_officeCler,h_oNE,129
h_officeCler,h_manConst,h_officeCler,4
h_officeCler,h_manConst,h_manConst,4
h_officeCler,h_manConst,h_profMan,7
h_officeCler,h_manConst,h_retail,27
h_officeCler,h_manConst,h_oNE,170
h_officeCler,h_profMan,h_officeCler,6
h_officeCler,h_profMan,h_manConst,7
h_officeCler,h_profMan,h_profMan,12
h_officeCler,h_profMan,h_retail,38
h_officeCler,h_profMan,h_oNE,250
h_officeCler,h_retail,h_officeCler,22
h_officeCler,h_retail,h_manConst,27
h_officeCler,h_retail,h_profMan,38
h_officeCler,h_retail,h_retail,28
h_officeCler,h_retail,h_oNE,269
h_officeCler,h_oNE,h_officeCler,129
h_officeCler,h_oNE,h_manConst,170
h_officeCler,h_oNE,h_profMan,250
h_officeCler,h_oNE,h_retail,269
h_officeCler,h_oNE,h_oNE,192
h_manConst,h_officeCler,h_officeCler,4
h_manConst,h_officeCler,h_manConst,4
h_manConst,h_officeCler,h_profMan,7
h_manConst,h_officeCler,h_retail,27
h_manConst,h_officeCler,h_oNE,170
h_manConst,h_manConst,h_officeCler,4
h_manConst,h_manConst,h_manConst,2
h_manConst,h_manConst,h_profMan,14
h_manConst,h_manConst,h_retail,16
h_manConst,h_manConst,h_oNE,75
h_manConst,h_profMan,h_officeCler,7
h_manConst,h_profMan,h_manConst,14
h_manConst,h_profMan,h_profMan,11
h_manConst,h_profMan,h_retail,24
h_manConst,h_profMan,h_oNE,169
h_manConst,h_retail,h_officeCler,27
h_manConst,h_retail,h_manConst,16
h_manConst,h_retail,h_profMan,24
h_manConst,h_retail,h_retail,35
h_manConst,h_retail,h_oNE,301
h_manConst,h_oNE,h_officeCler,170
h_manConst,h_oNE,h_manConst,75
h_manConst,h_oNE,h_profMan,169
h_manConst,h_oNE,h_retail,301
h_manConst,h_oNE,h_oNE,330
h_profMan,h_officeCler,h_officeCler,6
h_profMan,h_officeCler,h_manConst,7
h_profMan,h_officeCler,h_profMan,12
h_profMan,h_officeCler,h_retail,38
h_profMan,h_officeCler,h_oNE,250
h_profMan,h_manConst,h_officeCler,7
h_profMan,h_manConst,h_manConst,14
h_profMan,h_manConst,h_profMan,11
h_profMan,h_manConst,h_retail,24
h_profMan,h_manConst,h_oNE,169
h_profMan,h_profMan,h_officeCler,12
h_profMan,h_profMan,h_manConst,11
h_profMan,h_profMan,h_profMan,25
h_profMan,h_profMan,h_retail,102
h_profMan,h_profMan,h_oNE,568
h_profMan,h_retail,h_officeCler,38
h_profMan,h_retail,h_manConst,24
h_profMan,h_retail,h_profMan,102
h_profMan,h_retail,h_retail,73
h_profMan,h_retail,h_oNE,494
h_profMan,h_oNE,h_officeCler,250
h_profMan,h_oNE,h_manConst,169
h_profMan,h_oNE,h_profMan,568
h_profMan,h_oNE,h_retail,494
h_profMan,h_oNE,h_oNE,498
h_retail,h_officeCler,h_officeCler,22
h_retail,h_officeCler,h_manConst,27
h_retail,h_officeCler,h_profMan,38
h_retail,h_officeCler,h_retail,28
h_retail,h_officeCler,h_oNE,269
h_retail,h_manConst,h_officeCler,27
h_retail,h_manConst,h_manConst,16
h_retail,h_manConst,h_profMan,24
h_retail,h_manConst,h_retail,35
h_retail,h_manConst,h_oNE,301
h_retail,h_profMan,h_officeCler,38
h_retail,h_profMan,h_manConst,24
h_retail,h_profMan,h_profMan,102
h_retail,h_profMan,h_retail,73
h_retail,h_profMan,h_oNE,494
h_retail,h_retail,h_officeCler,28
h_retail,h_retail,h_manConst,35
h_retail,h_retail,h_profMan,73
h_retail,h_retail,h_retail,62
h_retail,h_retail,h_oNE,534
h_retail,h_oNE,h_officeCler,269
h_retail,h_oNE,h_manConst,301
h_retail,h_oNE,h_profMan,494
h_retail,h_oNE,h_retail,534
h_retail,h_oNE,h_oNE,625
h_oNE,h_officeCler,h_officeCler,129
h_oNE,h_officeCler,h_manConst,170
h_oNE,h_officeCler,h_profMan,250
h_oNE,h_officeCler,h_retail,269
h_oNE,h_officeCler,h_oNE,192
h_oNE,h_manConst,h_officeCler,170
h_oNE,h_manConst,h_manConst,75
h_oNE,h_manConst,h_profMan,169
h_oNE,h_manConst,h_retail,301
h_oNE,h_manConst,h_oNE,330
h_oNE,h_profMan,h_officeCler,250
h_oNE,h_profMan,h_manConst,169
h_oNE,h_profMan,h_profMan,568
h_oNE,h_profMan,h_retail,494
h_oNE,h_profMan,h_oNE,498
h_oNE,h_retail,h_officeCler,269
h_oNE,h_retail,h_manConst,301
h_oNE,h_retail,h_profMan,494
h_oNE,h_retail,h_retail,534
h_oNE,h_retail,h_oNE,625
h_oNE,h_oNE,h_officeCler,192
h_oNE,h_oNE,h_manConst,330
h_oNE,h_oNE,h_profMan,498
h_oNE,h_oNE,h_retail,625
h_oNE,h_oNE,h_oNE,313
